internalTaxonId,scientificName,name,genusName,speciesName,speciesAuthor,infraType,infrarankAuthor
10030,Hexanchus griseus,"Notidanus  griseus (Bonnaterre, 1788)",Notidanus ,griseus,"(Bonnaterre, 1788)",,
10030,Hexanchus griseus,"Hexanchus  corinus Jordan & Gilbert, 1880",Hexanchus ,corinus,"Jordan & Gilbert, 1880",,
10030,Hexanchus griseus,"Squalus  vacca	 Bloch & Schneider, 1801",Squalus ,vacca	,"Bloch & Schneider, 1801	",,
10030,Hexanchus griseus,"Monopterinus  griseus (Bonnaterre, 1788)",Monopterinus ,griseus,"(Bonnaterre, 1788)",,
10030,Hexanchus griseus,"Notidanus  monge Risso, 1827",Notidanus ,monge,"Risso, 1827",,
10030,Hexanchus griseus,"Squalus griseus Bonnaterre, 1788",Squalus,griseus,"Bonnaterre, 1788",,
10030,Hexanchus griseus,"Notidanus  vulgaris Pérez Canto, 1886",Notidanus ,vulgaris,"Pérez Canto, 1886	",,
10030,Hexanchus griseus,"Hexanchus  griseus  ssp. australis	 de Buen, 1960",Hexanchus ,griseus ,,subspecies,"de Buen, 1960	"
161373,Pseudobatos percellens,"Rhinobatos percellens (Walbaum, 1792)",Rhinobatos,percellens,"(Walbaum, 1792)",,
161373,Pseudobatos percellens,"Raja percellens Walbaum, 1792",Raja,percellens,"Walbaum, 1792",,
161564,Carcharhinus altimus,"Eulamia altima Springer, 1950",Eulamia,altima,"Springer, 1950",,
161564,Carcharhinus altimus,"Carcharhinus  radamae Fourmanoir, 1961",Carcharhinus ,radamae,"Fourmanoir, 1961",,
161610,Dipturus teevani,"Raja teevani Bigelow & Schroeder, 1951",Raja,teevani,"Bigelow & Schroeder, 1951",,
178644,Anolis altae,"Norops altae (Dunn, 1930)",Norops,altae,"(Dunn, 1930)",,
178644,Anolis altae,"Anolis achilles Taylor, 1956",Anolis,achilles,"Taylor, 1956",,
178725,Anolis carpenteri,"Anolis procellaris Myers, 1971",Anolis,procellaris,"Myers, 1971",,
178725,Anolis carpenteri,"Norops carpenteri (Echelle, Echelle & Fitch, 1971)",Norops,carpenteri,"(Echelle, Echelle & Fitch, 1971)",,
197437,Anolis lemurinus,"Anolis rhombifer Boulenger, 1894",Anolis,rhombifer,"Boulenger, 1894",,
197440,Anolis cristatellus,"Anolis cozumelae Smith, 1939",Anolis,cozumelae,"Smith, 1939",,
197442,Anolis capito,"Norops capito (Peters, 1863)",Norops,capito,"(Peters, 1863)",,
197443,Anolis sagrei,"Norops sagrei (Duméril & Bibron, 1837)",Norops,sagrei,"(Duméril & Bibron, 1837)",,
197444,Anolis pentaprion,"Norops pentaprion (Cope, 1862)",Norops,pentaprion,"(Cope, 1862)",,
197444,Anolis pentaprion,"Norops cristifer (Cope, 1862)",Norops,cristifer,"(Cope, 1862)",,
197448,Anolis cupreus,"Norops cupreus (Hallowell, 1860)",Norops,cupreus,"(Hallowell, 1860)",,
203077,Anolis aquaticus,"Norops aquaticus, (Taylor, 1956)",Norops,"aquaticus,","(Taylor, 1956)",,
203088,Anolis datzorum,"Norops datzorum ( Köhler, Ponce, Sunyer & Batista, 2007)",Norops,datzorum,"( Köhler, Ponce, Sunyer & Batista, 2007)",,
203089,Anolis frenatus,"Dactyloa frenata (Cope, 1899)",Dactyloa,frenata,"(Cope, 1899)",,
203095,Anolis humilis,"Norops humilis (Peters, 1863)",Norops,humilis,"(Peters, 1863)",,
203096,Anolis ibanezi,"Dactyloa ibanezi (Poe, Latella, Ryan & Schaad, 2009)",Dactyloa,ibanezi,"(Poe, Latella, Ryan & Schaad, 2009)",,
203096,Anolis ibanezi,Anolis chocorum Myers 1971 (in part),Anolis,chocorum,Myers 1971 (in part),,
203097,Anolis insignis,"Dactyloa insignis (Cope, 1871)",Dactyloa,insignis,"(Cope, 1871)",,
203097,Anolis insignis,Diaphoranolis brooksi Barbour 1923,Diaphoranolis,brooksi,Barbour 1923,,
203100,Anolis kemptoni,"Norops kemptoni (Dunn, 1940)",Norops,kemptoni,"(Dunn, 1940)",,
203100,Anolis kemptoni,"Anolis pandoensis (Savage & Guyer, 1998)",Anolis,pandoensis,"(Savage & Guyer, 1998)",,
203104,Anolis limifrons,"Norops limifrons (Cope, 1871)",Norops,limifrons,"(Cope, 1871)",,
203107,Anolis microtus,"Dactyloa microtus, (Cope, 1871)",Dactyloa,"microtus,","(Cope, 1871)",,
203112,Anolis oxylophus,"Norops oxylophus (Cope, 1876)",Norops,oxylophus,"(Cope, 1876)",,
203115,Anolis polylepis,"Norops polylepis (Peyers, 1874)",Norops,polylepis,"(Peyers, 1874)",,
203123,Anolis townsendi,"Norops townsendi (Stejneger, 1900)",Norops,townsendi,"(Stejneger, 1900)",,
203125,Anolis tropidolepis,"Norops tropidolepis (Boulenger, 1885)",Norops,tropidolepis,"(Boulenger, 1885)",,
203132,Anolis woodi,"Norops woodi (Dunn, 1940)",Norops,woodi,"(Dunn, 1940)",,
203676,Anolis pachypus,"Norops pachypus (Cope, 1876)",Norops,pachypus,"(Cope, 1876)",,
39368,Carcharhinus brevipinna,"Carcharias brevipinna Müller & Henle, 1839",Carcharias,brevipinna,"Müller & Henle, 1839",,
39368,Carcharhinus brevipinna,"Isogomphodon  maculipinnis Poey, 1865",Isogomphodon ,maculipinnis,"Poey, 1865",,
39368,Carcharhinus brevipinna,"Uranga  nasuta Whitley, 1943",Uranga ,nasuta,"Whitley, 1943",,
39368,Carcharhinus brevipinna,"Longmania  calamaria Whitley, 1944",Longmania ,calamaria,"Whitley, 1944",,
39368,Carcharhinus brevipinna,"Aprionodon  caparti Poll, 1951",Aprionodon ,caparti,"Poll, 1951",,
39368,Carcharhinus brevipinna,"Carcharhinus  johnsoni Smith, 1951",Carcharhinus ,johnsoni,"Smith, 1951",,
39368,Carcharhinus brevipinna,"Galeolomna fowleri Whitley,1944",Galeolomna,fowleri,"Whitley,1944",,
41823,Heptranchias perlo,"Heptranchias dakini Whitley, 1931",Heptranchias,dakini,"Whitley, 1931",,
41823,Heptranchias perlo,"Squalus  perlo Bonnaterre, 1788",Squalus ,perlo,"Bonnaterre, 1788",,
41823,Heptranchias perlo,"Heptranchias  angio Costa, 1857",Heptranchias ,angio,"Costa, 1857",,
41823,Heptranchias perlo,"Heptranchias  cinereus  (Gmelin, 1789)",Heptranchias ,cinereus ,"(Gmelin, 1789)",,
41823,Heptranchias perlo,"Heptranchias deani  Jordan & Starks, 1901",Heptranchias,deani ,"Jordan & Starks, 1901",,
41823,Heptranchias perlo,"Notidanus cinereus  Bellotti,1878",Notidanus,cinereus ,"Bellotti,1878",,
41823,Heptranchias perlo,"Notidanus cinereus (Gmelin, 1789)",Notidanus,cinereus,"(Gmelin, 1789)",,
41823,Heptranchias perlo,"Squalus  cinereus  Gmelin, 1789",Squalus ,cinereus ,"Gmelin, 1789",,
54560,Atelopus varius,"Phrynidium varium var. adspersum Lichtenstein & Martens, 1856",Phrynidium,varium,,variety,"Lichtenstein & Martens, 1856"
54560,Atelopus varius,"Phrynidium  varium var. maculatum  Lichtenstein & Martens, 1856",Phrynidium ,varium,,variety,"Lichtenstein & Martens, 1856"
54560,Atelopus varius,"Hylaemorphus bibronii Schmidt, 1857",Hylaemorphus,bibronii,"Schmidt, 1857",,
54560,Atelopus varius,"Hylaemorphus dumerilii Schmidt, 1857",Hylaemorphus,dumerilii,"Schmidt, 1857",,
54560,Atelopus varius,"Hylaemorphus plutonius Jan, 1857",Hylaemorphus,plutonius,"Jan, 1857",,
54560,Atelopus varius,"Hylaemorphus pluto Schmidt, 1858",Hylaemorphus,pluto,"Schmidt, 1858",,
54560,Atelopus varius,"Atelopus varius var. maculatus Peters, 1873",Atelopus,varius,,variety,"Peters, 1873"
54560,Atelopus varius,"Phryniscus dumerilii Brocchi, 1882",Phryniscus,dumerilii,"Brocchi, 1882",,
54560,Atelopus varius,"Atelopus bibronii Boulenger, 1894",Atelopus,bibronii,"Boulenger, 1894",,
54560,Atelopus varius,"Atelopus  varius ssp. maculatus Dunn, 1931",Atelopus ,varius,,subspecies,"Dunn, 1931"
54560,Atelopus varius,"Atelopus varius ssp. loomisi Taylor, 1952",Atelopus,varius,,subspecies,"Taylor, 1952"
54560,Atelopus varius,"Atelopus varius ssp. ambulatorius Taylor, 1952",Atelopus,varius,,subspecies,"Taylor, 1952"
54560,Atelopus varius,"Atelopus loomisi Taylor, 1955",Atelopus,loomisi,"Taylor, 1955",,
54560,Atelopus varius,"Atelopus varius ssp. bibroni Cochran and Goin, 1970",Atelopus,varius,,subspecies,"Cochran and Goin, 1970"
54560,Atelopus varius,"Phryniscus bibronii (Schmidt, 1857)",Phryniscus,bibronii,"(Schmidt, 1857)",,
54560,Atelopus varius,"Phryniscus varius (Lichtenstein & Martens, 1856)",Phryniscus,varius,"(Lichtenstein & Martens, 1856)",,
54560,Atelopus varius,"Phrynidium bibronii (Schmidt, 1857)",Phrynidium,bibronii,"(Schmidt, 1857)",,
54560,Atelopus varius,"Atelopus  varius ssp. varius (Lichtenstein & Martens, 1856)",Atelopus ,varius,,subspecies,"(Lichtenstein & Martens, 1856)"
54560,Atelopus varius,"Phrynidium varium Lichtenstein & Martens, 1856",Phrynidium,varium,"Lichtenstein & Martens, 1856",,
54960,Cochranella euknemos,"Centrolenella euknemos Savage & Starrett, 1967",Centrolenella,euknemos,"Savage & Starrett, 1967",,
55121,Silverstoneia nubicola,"Colostethus nubicola (Dunn, 1924)",Colostethus,nubicola,"(Dunn, 1924)",,
55121,Silverstoneia nubicola,"Phyllobates  nubicola ssp. nubicola (Dunn, 1924)",Phyllobates ,nubicola,,subspecies,"(Dunn, 1924)"
55121,Silverstoneia nubicola,"Phyllobates  nubicola Dunn, 1924",Phyllobates ,nubicola,"Dunn, 1924",,
55186,Oophaga granulifera,"Dendrobates granulifer Duellman, 1993",Dendrobates,granulifer,"Duellman, 1993",,
55186,Oophaga granulifera,"Ranitomeya granuliferus (Taylor, 1958)",Ranitomeya,granuliferus,"(Taylor, 1958)",,
55186,Oophaga granulifera,"Dendrobates granuliferus Taylor, 1958",Dendrobates,granuliferus,"Taylor, 1958",,
151594717,Cruziohyla calcarifer,"Agalychnis calcarifer Boulenger, 1902",Agalychnis,calcarifer,"Boulenger, 1902",,
77651850,Agalychnis spurrelli,"Phyllomedusa litodryas Duellman & Trueb, 1967",Phyllomedusa,litodryas,"Duellman & Trueb, 1967",,
77651850,Agalychnis spurrelli,"Phyllomedusa spurrelli (Boulenger, 1913)",Phyllomedusa,spurrelli,"(Boulenger, 1913)",,
77651850,Agalychnis spurrelli,"Agalychnis litodryas (Duellman &amp; Trueb, 1967)",Agalychnis,litodryas,"(Duellman &amp; Trueb, 1967)",,
55296,Triprion spinosus,"Gastrotheca coronata Stejneger, 1911",Gastrotheca,coronata,"Stejneger, 1911",,
55296,Triprion spinosus,"Nototrema  coronatum (Stejneger, 1911)",Nototrema ,coronatum,"(Stejneger, 1911)",,
55296,Triprion spinosus,"Hyla  spinosa  Steindachner, 1864",Hyla ,spinosa ,"Steindachner, 1864",,
55296,Triprion spinosus,"Anotheca spinosa (Steindachner, 1864)",Anotheca,spinosa,"(Steindachner, 1864)",,
55482,Ecnomiohyla fimbrimembra,"Hyla richardi Taylor, 1948",Hyla,richardi,"Taylor, 1948",,
55482,Ecnomiohyla fimbrimembra,"Hyla richardtaylori Taylor, 1954",Hyla,richardtaylori,"Taylor, 1954",,
55482,Ecnomiohyla fimbrimembra,"Hyla  fimbrimembra  Taylor, 1948",Hyla ,fimbrimembra ,"Taylor, 1948",,
55586,Hyloscirtus palmeri,"Boana  palmeri (Boulenger, 1908)",Boana ,palmeri,"(Boulenger, 1908)",,
55586,Hyloscirtus palmeri,"Hyla  palmeri  Boulenger, 1908",Hyla ,palmeri ,"Boulenger, 1908",,
55627,Isthmohyla rivularis,"Hyla  rivularis  Taylor, 1952",Hyla ,rivularis ,"Taylor, 1952",,
55701,Isthmohyla zeteki,"Hyla  zeteki  Gaige, 1929",Hyla ,zeteki ,"Gaige, 1929",,
55855,Agalychnis lemur,"Hylomantis lemur (Boulenger, 1882)",Hylomantis,lemur,"(Boulenger, 1882)",,
55855,Agalychnis lemur,"Phyllomedusa lemur Boulenger, 1882",Phyllomedusa,lemur,"Boulenger, 1882",,
56406,Pristimantis altae,"Eleutherodactylus altae Dunn, 1942",Eleutherodactylus,altae,"Dunn, 1942",,
56482,Strabomantis bufoniformis,"Eleutherodactylus  bufoniformis (Boulenger, 1896)",Eleutherodactylus ,bufoniformis,"(Boulenger, 1896)",,
56482,Strabomantis bufoniformis,"Craugastor bufoniformis (Boulenger, 1896)",Craugastor,bufoniformis,"(Boulenger, 1896)",,
56482,Strabomantis bufoniformis,"Limnophys  bufoniformis (Boulenger, 1896)",Limnophys ,bufoniformis,"(Boulenger, 1896)",,
56482,Strabomantis bufoniformis,"Hylodes  bufoniformis  Boulenger, 1896",Hylodes ,bufoniformis ,"Boulenger, 1896",,
56497,Pristimantis caryophyllaceus,"Eleutherodactylus caryophyllaceus (Barbour, 1928)",Eleutherodactylus,caryophyllaceus,"(Barbour, 1928)",,
56497,Pristimantis caryophyllaceus,"Syrrhopus  caryophyllaceus  Barbour, 1928",Syrrhopus ,caryophyllaceus ,"Barbour, 1928",,
56777,Pristimantis moro,"Eleutherodactylus lehmanvalenciae Thornton, 1965",Eleutherodactylus,lehmanvalenciae,"Thornton, 1965",,
56777,Pristimantis moro,"Eleutherodactylus moro Savage, 1965",Eleutherodactylus,moro,"Savage, 1965",,
154033310,Craugastor podiciferus,"Lithodytes podiciferus Cope, 1875",Lithodytes,podiciferus,"Cope, 1875",,
154033310,Craugastor podiciferus,"Eleutherodactylus podiciferus (Cope, 1875)",Eleutherodactylus,podiciferus,"(Cope, 1875)",,
154033310,Craugastor podiciferus,"Hylodes habenatus (Cope, 1875)",Hylodes,habenatus,"(Cope, 1875)",,
154033310,Craugastor podiciferus,"Lithodytes habenatus Cope, 1875",Lithodytes,habenatus,"Cope, 1875",,
154033310,Craugastor podiciferus,"Hylodes podiciferus (Cope, 1875)",Hylodes,podiciferus,"(Cope, 1875)",,
154033310,Craugastor podiciferus,"Hylodes muricinus (Cope, 1875)",Hylodes,muricinus,"(Cope, 1875)",,
154033310,Craugastor podiciferus,"Craugastor jota (Lynch, 1980)",Craugastor,jota,"(Lynch, 1980)",,
154033310,Craugastor podiciferus,"Eleutherodactylus jota Lynch, 1980",Eleutherodactylus,jota,"Lynch, 1980",,
56995,Craugastor taurus,"Eleutherodactylus taurus Taylor, 1958",Eleutherodactylus,taurus,"Taylor, 1958",,
59147,Bolitoglossa colonnea,"Oedipus  colonneus  Dunn, 1924",Oedipus ,colonneus ,"Dunn, 1924",,
59155,Bolitoglossa diminuta,"Nototriton  diminuta (Robinson, 1976)",Nototriton ,diminuta,"(Robinson, 1976)",,
59172,Bolitoglossa lignicolor,"Spelerpes punctatum Brocchi, 1883",Spelerpes,punctatum,"Brocchi, 1883",,
59172,Bolitoglossa lignicolor,"Oedipus  lignicolor (Peters, 1873)",Oedipus ,lignicolor,"(Peters, 1873)",,
59172,Bolitoglossa lignicolor,"Oedipus ahli Unterstein, 1930",Oedipus,ahli,"Unterstein, 1930",,
59172,Bolitoglossa lignicolor,"Bolitoglossa  ahli (Unterstein, 1930)",Bolitoglossa ,ahli,"(Unterstein, 1930)",,
59172,Bolitoglossa lignicolor,"Bolitoglossa palustris Taylor, 1949",Bolitoglossa,palustris,"Taylor, 1949",,
59172,Bolitoglossa lignicolor,"Spelerpes  lignicolor  Peters, 1873",Spelerpes ,lignicolor ,"Peters, 1873",,
59327,Oedipina uniformis,"Oedipina longicauda Taylor, 1952",Oedipina,longicauda,"Taylor, 1952",,
59327,Oedipina uniformis,"Ophiobatrachus vermicularis Gray, 1868",Ophiobatrachus,vermicularis,"Gray, 1868",,
59327,Oedipina uniformis,"Spelerpes  uniformis (Keferstein, 1868)",Spelerpes ,uniformis,"(Keferstein, 1868)",,
59327,Oedipina uniformis,"Spelerpes  vermicularis (Gray, 1868)",Spelerpes ,vermicularis,"(Gray, 1868)",,
59327,Oedipina uniformis,"Oedipus  uniformis (Keferstein, 1868)",Oedipus ,uniformis,"(Keferstein, 1868)",,
59327,Oedipina uniformis,"Oedipina syndactyla Taylor, 1948",Oedipina,syndactyla,"Taylor, 1948",,
59327,Oedipina uniformis,"Oedipina  vermicularis (Gray, 1868)",Oedipina ,vermicularis,"(Gray, 1868)",,
59327,Oedipina uniformis,"Oedipina bonitaensis Taylor, 1952",Oedipina,bonitaensis,"Taylor, 1952",,
59327,Oedipina uniformis,"Oedipina longissima Taylor, 1952",Oedipina,longissima,"Taylor, 1952",,
59327,Oedipina uniformis,"Oedipina inusitata Taylor, 1952",Oedipina,inusitata,"Taylor, 1952",,
59543,Dermophis glandulosus,"Dermophis balboai Taylor, 1968",Dermophis,balboai,"Taylor, 1968",,
60128,Rhinoptera bonasus,"Raja bonasus Mitchell, 1815",Raja,bonasus,"Mitchell, 1815",,
60201,Sphyrna media,"Sphyrna nana Sadowsky, 1965",Sphyrna,nana,"Sadowsky, 1965",,
144136822,Carcharhinus porosus,"Carcharias porosus Ranzani, 1839",Carcharias,porosus,"Ranzani, 1839",,
60236,Etmopterus bigelowi,Etmopterus sp. A,Etmopterus,sp. A,,subspecies,
63161,Gurgesiella atlantica,"Pseudoraja  atlantica Bigelow & Schroeder, 1962",Pseudoraja ,atlantica,"Bigelow & Schroeder, 1962",,
55600,Isthmohyla picadoi,"Hyla  picadoi  Dunn, 1937",Hyla ,picadoi ,"Dunn, 1937",,
81265980,Cebus imitator,"Cebus capucinus ssp. imitator Thomas, 1903",Cebus,capucinus,,subspecies,"Thomas, 1903"
81265980,Cebus imitator,"Cebus capucinus ssp. limitaneus Hollister, 1914",Cebus,capucinus,,subspecies,"Hollister, 1914"
13245,Mesoplodon europaeus,"Mesoplodon gervaisi (Deslongchamps, 1866)",Mesoplodon,gervaisi,"(Deslongchamps, 1866)",,
13245,Mesoplodon europaeus,"Mesoplodon gervaisi Deslongchamps, 1866",Mesoplodon,gervaisi,"Deslongchamps, 1866",,
87633006,Incilius valliceps,"Bufo valliceps Wiegmann, 1833",Bufo,valliceps,"Wiegmann, 1833",,
54635,Incilius fastidiosus,"Cranopsis fastidiosa (Frost, Grant, Faivovich, Bain, Haas, Haddad, de Sá, Channing, Wilkinson, Donnellan, Raxworthy, Campbell, Blotto, Moler, Drewes, Nussbaum, Lynch, Green, and Wheeler, 2006)",Cranopsis,fastidiosa,"(Frost, Grant, Faivovich, Bain, Haas, Haddad, de Sá, Channing, Wilkinson, Donnellan, Raxworthy, Campbell, Blotto, Moler, Drewes, Nussbaum, Lynch, Green, and Wheeler, 2006)",,
54635,Incilius fastidiosus,"Ollotis fastidiosa (Frost, Grant, and Mendelson, 2006)",Ollotis,fastidiosa,"(Frost, Grant, and Mendelson, 2006)",,
54635,Incilius fastidiosus,"Ollotis coerulescens Cope, 1875",Ollotis,coerulescens,"Cope, 1875",,
54635,Incilius fastidiosus,"Bufo caerulescens (Brocchi, 1882)",Bufo,caerulescens,"(Brocchi, 1882)",,
54635,Incilius fastidiosus,"Bufo fastidiosus (Boulenger, 1882)",Bufo,fastidiosus,"(Boulenger, 1882)",,
54635,Incilius fastidiosus,"Cranophryne fastidiosa (Cope, 1889)",Cranophryne,fastidiosa,"(Cope, 1889)",,
54635,Incilius fastidiosus,"Nannophryne coerulescens (Cope, 1890)",Nannophryne,coerulescens,"(Cope, 1890)",,
54635,Incilius fastidiosus,"Nannophryne fastidiosa (Günther, 1901)",Nannophryne,fastidiosa,"(Günther, 1901)",,
54635,Incilius fastidiosus,"Bufo coerulescens (Nieden, 1923)",Bufo,coerulescens,"(Nieden, 1923)",,
54635,Incilius fastidiosus,"Cranopsis fastidiosus Cope, 1875",Cranopsis,fastidiosus,"Cope, 1875",,
54803,Incilius epioticus,"Crepidius epioticus Cope, 1875",Crepidius,epioticus,"Cope, 1875",,
54803,Incilius epioticus,"Bufo epioticus (Cope, 1875)",Bufo,epioticus,"(Cope, 1875)",,
54803,Incilius epioticus,"Nannophryne epiotica (Cope, 1875)",Nannophryne,epiotica,"(Cope, 1875)",,
54803,Incilius epioticus,"Crepidophryne epiotica (Cope, 1875)",Crepidophryne,epiotica,"(Cope, 1875)",,
55323729,Hyalinobatrachium colymbiphyllum,"Hyalinobatrachium crybetes McCranie & Wilson, 1997",Hyalinobatrachium,crybetes,"McCranie & Wilson, 1997",,
55323729,Hyalinobatrachium colymbiphyllum,"Cochranella  colymbiphyllum (Taylor, 1949)",Cochranella ,colymbiphyllum,"(Taylor, 1949)",,
55323729,Hyalinobatrachium colymbiphyllum,"Centrolenella  colymbiphyllum  Taylor, 1949",Centrolenella ,colymbiphyllum ,"Taylor, 1949",,
55314,Duellmanohyla uranochroa,"Hyla  alleei  Taylor, 1952",Hyla ,alleei ,"Taylor, 1952",,
55314,Duellmanohyla uranochroa,"Hyla uranochroa Cope, 1875",Hyla,uranochroa,"Cope, 1875",,
55390,Isthmohyla angustilineata,"Hyla  angustilineata  Taylor, 1952",Hyla ,angustilineata ,"Taylor, 1952",,
55432,Isthmohyla calypsa,"Hyla  calypsa  Lips, 1996",Hyla ,calypsa ,"Lips, 1996",,
55462,Isthmohyla debilis,"Hyla  debilis  Taylor, 1952",Hyla ,debilis ,"Taylor, 1952",,
55529,Isthmohyla lancasteri,"Hyla moraviaensis Taylor, 1952",Hyla,moraviaensis,"Taylor, 1952",,
55529,Isthmohyla lancasteri,"Hyla  lancasteri  Barbour, 1928",Hyla ,lancasteri ,"Barbour, 1928",,
55675,Isthmohyla tica,"Hyla tica Starrett, 1966",Hyla,tica,"Starrett, 1966",,
56498,Craugastor catalinae,"Eleutherodactylus  catalinae Campbell & Savage, 2000",Eleutherodactylus ,catalinae,"Campbell & Savage, 2000",,
56577,Craugastor emcelae,"Eleutherodactylus emcelae Lynch, 1985",Eleutherodactylus,emcelae,"Lynch, 1985",,
56828,Pristimantis pardalis,"Eleutherodactylus pardalis (Taylor, 1952)",Eleutherodactylus,pardalis,"(Taylor, 1952)",,
56828,Pristimantis pardalis,"Syrrhopus  pardalis  Barbour, 1928",Syrrhopus ,pardalis ,"Barbour, 1928",,
56913,Craugastor rhyacobatrachus,"Eleutherodactylus rhyacobatrachus Campbell & Savage, 2000",Eleutherodactylus,rhyacobatrachus,"Campbell & Savage, 2000",,
58746,Lithobates vibicarius,"Rana vibicaria (Cope, 1894)",Rana,vibicaria,"(Cope, 1894)",,
58746,Lithobates vibicarius,"Rana godmani Günther, 1900",Rana,godmani,"Günther, 1900",,
58746,Lithobates vibicarius,"Lithobates vibicaria (Cope, 1894) [orth. error]",Lithobates,vibicaria,"(Cope, 1894) [orth. error]",,
58746,Lithobates vibicarius,"Levirana vibicaria Cope, 1894",Levirana,vibicaria,"Cope, 1894",,
59177,Bolitoglossa marmorea,"Magnadigita  marmorea  Tanner & Brame, 1961",Magnadigita ,marmorea ,"Tanner & Brame, 1961",,
59200,Bolitoglossa robusta,"Magnadigita  robusta (Cope, 1894)",Magnadigita ,robusta,"(Cope, 1894)",,
59200,Bolitoglossa robusta,"Oedipus  robustus  Cope, 1894",Oedipus ,robustus ,"Cope, 1894",,
59305,Oedipina alfaroi,"Oedipus  alfaroi (Dunn, 1921)",Oedipus ,alfaroi,"(Dunn, 1921)",,
3172,Incilius periglenes,"Bufo periglenes Savage, 1967",Bufo,periglenes,"Savage, 1967",,
54664,Incilius holdridgei,"Bufo holdridgei Taylor, 1952",Bufo,holdridgei,"Taylor, 1952",,
55037,Hyalinobatrachium vireovittatum,"Centrolenella vireovittata Starrett & Savage, 1973",Centrolenella,vireovittata,"Starrett & Savage, 1973",,
55310,Duellmanohyla rufioculis,"Hyla  rufioculis  Taylor, 1952",Hyla ,rufioculis ,"Taylor, 1952",,
55603,Isthmohyla pictipes,"Hyla  punctariola  ssp. moesta  Cope, 1875",Hyla ,punctariola ,,subspecies,"Cope, 1875"
55603,Isthmohyla pictipes,"Hyla  punctariola  ssp. monticola  Cope, 1875",Hyla ,punctariola ,,subspecies,"Cope, 1875"
55603,Isthmohyla pictipes,"Hyla  moesta (Cope, 1875)",Hyla ,moesta,"(Cope, 1875)",,
55603,Isthmohyla pictipes,"Hyla  monticola (Cope, 1875)",Hyla ,monticola,"(Cope, 1875)",,
55603,Isthmohyla pictipes,"Hyla  pictipes (Cope, 1875)",Hyla ,pictipes,"(Cope, 1875)",,
55603,Isthmohyla pictipes,"Hyla  punctariola  ssp. pictipes  Cope, 1875",Hyla ,punctariola ,,subspecies,"Cope, 1875"
55697,Isthmohyla xanthosticta,"Hyla  xanthosticta  Duellman, 1968",Hyla ,xanthosticta ,"Duellman, 1968",,
56414,Craugastor andi,"Eleutherodactylus andi Savage, 1974",Eleutherodactylus,andi,"Savage, 1974",,
56418,Craugastor angelicus,"Eleutherodactylus angelicus Savage, 1975",Eleutherodactylus,angelicus,"Savage, 1975",,
56540,Craugastor cuaquero,"Eleutherodactylus cuaquero Savage, 1980",Eleutherodactylus,cuaquero,"Savage, 1980",,
56588,Craugastor escoces,"Eleutherodactylus escoces Savage, 1975",Eleutherodactylus,escoces,"Savage, 1975",,
56603,Craugastor fleischmanni,"Lithodytes euryglossus Cope, 1894",Lithodytes,euryglossus,"Cope, 1894",,
56603,Craugastor fleischmanni,"Liohyla fleischmanni (Boettger, 1892)",Liohyla,fleischmanni,"(Boettger, 1892)",,
56603,Craugastor fleischmanni,"Liohyla engytympanum Günther, 1900",Liohyla,engytympanum,"Günther, 1900",,
56603,Craugastor fleischmanni,"Hylodes euryglossus (Cope, 1894)",Hylodes,euryglossus,"(Cope, 1894)",,
56603,Craugastor fleischmanni,"Eleutherodactylus fleischmanni (Boettger, 1892)",Eleutherodactylus,fleischmanni,"(Boettger, 1892)",,
56603,Craugastor fleischmanni,"Eleutherodactylus engytympanum (Günther, 1900)",Eleutherodactylus,engytympanum,"(Günther, 1900)",,
56603,Craugastor fleischmanni,"Eleutherodactylus euryglossus (Cope, 1984)",Eleutherodactylus,euryglossus,"(Cope, 1984)",,
56603,Craugastor fleischmanni,"Hylodes fleischmanni Boettger, 1892",Hylodes,fleischmanni,"Boettger, 1892",,
56847,Craugastor persimilis,"Microbatrachyls persimilis (Barbour, 1926)",Microbatrachyls,persimilis,"(Barbour, 1926)",,
56847,Craugastor persimilis,"Eleutherodactylus persimilis Barbour, 1926",Eleutherodactylus,persimilis,"Barbour, 1926",,
56853,Craugastor phasma,"Eleutherodactylus phasma Lips & Savage, 1996",Eleutherodactylus,phasma,"Lips & Savage, 1996",,
56902,Craugastor rayo,"Eleutherodactylus  rayo Savage & DeWeese, 1979",Eleutherodactylus ,rayo,"Savage & DeWeese, 1979",,
57007,Diasporus tigrillo,"Pristimantis  tigrillo (Savage, 1997)",Pristimantis ,tigrillo,"(Savage, 1997)",,
57007,Diasporus tigrillo,"Eleutherodactylus tigrillo Savage, 1997",Eleutherodactylus,tigrillo,"Savage, 1997",,
59138,Bolitoglossa alvaradoi,"Bolitoglossa arborescandens Taylor, 1954",Bolitoglossa,arborescandens,"Taylor, 1954",,
59145,Bolitoglossa cerroensis,"Magnadigita  cerroensis  Taylor, 1952",Magnadigita ,cerroensis ,"Taylor, 1952",,
59186,Bolitoglossa nigrescens,"Magnadigita  nigrescens  Taylor, 1949",Magnadigita ,nigrescens ,"Taylor, 1949",,
59194,Bolitoglossa pesrubra,"Magnadigita  torresi  Taylor, 1952",Magnadigita ,torresi ,"Taylor, 1952",,
59194,Bolitoglossa pesrubra,"Magnadigita  pesrubra  Taylor, 1952",Magnadigita ,pesrubra ,"Taylor, 1952",,
59212,Bolitoglossa subpalmata,"Oedipus   subpalmatus (Boulenger, 1896)",Oedipus  ,subpalmatus,"(Boulenger, 1896)",,
59212,Bolitoglossa subpalmata,"Magnadigita  subpalmata (Boulenger, 1896)",Magnadigita ,subpalmata,"(Boulenger, 1896)",,
59212,Bolitoglossa subpalmata,"Spelerpes  subpalmatus  Boulenger, 1896",Spelerpes ,subpalmatus ,"Boulenger, 1896",,
59292,Nototriton abscondens,"Chiropterotriton  abscondens  Taylor, 1948",Chiropterotriton ,abscondens ,"Taylor, 1948",,
59299,Nototriton picadoi,"Oedipus  picadoi  (Stejneger, 1911)",Oedipus ,picadoi ,"(Stejneger, 1911)",,
59299,Nototriton picadoi,"Chiropterotriton  picadoi  (Stejneger, 1911)",Chiropterotriton ,picadoi ,"(Stejneger, 1911)",,
59299,Nototriton picadoi,"Spelerpes  picadoi  Stejneger, 1911",Spelerpes ,picadoi ,"Stejneger, 1911",,
59300,Nototriton richardi,"Chiropterotriton  richardi (Taylor, 1949)",Chiropterotriton ,richardi,"(Taylor, 1949)",,
59300,Nototriton richardi,"Parvimolge  richardi  Taylor, 1949",Parvimolge ,richardi ,"Taylor, 1949",,
59542,Dermophis costaricense,"Dermophis costaricensis Taylor, 1955 [orth. error]",Dermophis,costaricensis,"Taylor, 1955 [orth. error]",,
135768,Incilius guanacaste,"Crepidophryne guanacaste Vaughan & Mendelson, 2007",Crepidophryne,guanacaste,"Vaughan & Mendelson, 2007",,
136078,Incilius chompipe,"Crepidophryne  chompipe Vaughan & Mendelson, 2007",Crepidophryne ,chompipe,"Vaughan & Mendelson, 2007",,
39375,Carcharhinus melanopterus,"Carcharias melanopterus Quoy & Gaimard, 1824",Carcharias,melanopterus,"Quoy & Gaimard, 1824",,
39375,Carcharhinus melanopterus,"Squalus  carcharias minor Forsskål, 1775",Squalus ,carcharias minor,"Forsskål, 1775	",,
39375,Carcharhinus melanopterus,"Squalus  commersonii	 Blainville, 1816",Squalus ,commersonii	,"Blainville, 1816	",,
39375,Carcharhinus melanopterus,"Carcharias  commersoni (Blainville, 1816)",Carcharias ,commersoni,"(Blainville, 1816)	",,
39375,Carcharhinus melanopterus,"Squalus  ustus Duméril, 1824",Squalus ,ustus,"Duméril, 1824",,
39375,Carcharhinus melanopterus,"Carcharias  playfairii Günther, 1870",Carcharias ,playfairii,"Günther, 1870",,
39375,Carcharhinus melanopterus,"Hypoprion  playfairii (Günther, 1870)",Hypoprion ,playfairii,"(Günther, 1870)",,
39375,Carcharhinus melanopterus,"Carcharias  elegans Ehrenberg, 1871",Carcharias ,elegans,"Ehrenberg, 1871	",,
39375,Carcharhinus melanopterus,"Carcharias  marianensis	 Engelhardt, 1912",Carcharias ,marianensis	,"Engelhardt, 1912",,
198921,Mobula birostris,"Manta hamiltoni Hamilton & Newman, 1849)",Manta,hamiltoni,"Hamilton & Newman, 1849)",,
198921,Mobula birostris,"Manta birostris (Walbaum, 1792)",Manta,birostris,"(Walbaum, 1792)",,
198921,Mobula birostris,"Raja birostris Donndorff, 1798",Raja,birostris,"Donndorff, 1798",,
60152,Hypanus dipterurus,"Dasyatis brevis (Garman, 1880)",Dasyatis,brevis,"(Garman, 1880)",,
60152,Hypanus dipterurus,"Dasyatis hawaiiensis Jenkins, 1903",Dasyatis,hawaiiensis,"Jenkins, 1903",,
60152,Hypanus dipterurus,"Dasyatis dipterura (Jordan &amp; Gilbert, 1880)",Dasyatis,dipterura,"(Jordan &amp; Gilbert, 1880)",,
60152,Hypanus dipterurus,"Dasybatis dipterurus Jordan & Gilbert, 1880",Dasybatis,dipterurus,"Jordan & Gilbert, 1880",,
44514,Centroscyllium nigrum,"Centroscyllium ruscosum Gilbert, 1905",Centroscyllium,ruscosum,"Gilbert, 1905",,
55455,Hyloscirtus colymba,"Hyla alvaradoi Taylor, 1952",Hyla,alvaradoi,"Taylor, 1952",,
55455,Hyloscirtus colymba,"Boana  colymba (Dunn, 1931)",Boana ,colymba,"(Dunn, 1931)",,
55455,Hyloscirtus colymba,"Hyla  colymba  Dunn, 1931",Hyla ,colymba ,"Dunn, 1931",,
56799,Craugastor obesus,"Eleutherodactylus obesus (Barbour, 1928)",Eleutherodactylus,obesus,"(Barbour, 1928)",,
56799,Craugastor obesus,"Syrrhopus obesus Barbour, 1928",Syrrhopus,obesus,"Barbour, 1928",,
181244884,Hypanus americanus,"Dasyatis americana Hildebrand & Schroeder, 1928",Dasyatis,americana,"Hildebrand & Schroeder, 1928",,
44592,Hypanus guttatus,"Dasyatis guttata (Bloch &amp; Schneider, 1801)",Dasyatis,guttata,"(Bloch &amp; Schneider, 1801)",,
44592,Hypanus guttatus,"Raja guttata Bloch & Schneider, 1801",Raja,guttata,"Bloch & Schneider, 1801",,
105209514,Craugastor stejnegerianus,"Eleutherodactylus stejnegerianus (Cope, 1893)",Eleutherodactylus,stejnegerianus,"(Cope, 1893)",,
105209514,Craugastor stejnegerianus,"Microbatrachylus stejnegerianus (Cope, 1893)",Microbatrachylus,stejnegerianus,"(Cope, 1893)",,
105209514,Craugastor stejnegerianus,"Hylodes stejnegerianus Cope, 1893",Hylodes,stejnegerianus,"Cope, 1893",,
39387,Sphyrna tiburo,"Squalus tiburo Linnaeus, 1758",Squalus,tiburo,"Linnaeus, 1758",,
41745,Centrophorus uyato,"Squalus uyato Rafinesque, 1810",Squalus,uyato,"Rafinesque, 1810",,
44584,Pseudobatos planiceps,"Rhinobatos planiceps Garman, 1880",Rhinobatos,planiceps,"Garman, 1880",,
44647,Urotrygon chilensis,"Urolophus chilensis Günther, 1872",Urolophus,chilensis,"Günther, 1872",,
44647,Urotrygon chilensis,"Urolophus goodei Jordan & Bollman, 1890",Urolophus,goodei,"Jordan & Bollman, 1890",,
60109,Urobatis jamaicensis,"Urolophus jamaicensis (Cuvier, 1816)",Urolophus,jamaicensis,"(Cuvier, 1816)",,
60137,Tetronarce tremens,"Torpedo peruana Chirichigno, 1963",Torpedo,peruana,"Chirichigno, 1963",,
60137,Tetronarce tremens,"Torpedo tremens de Buen, 1959",Torpedo,tremens,"de Buen, 1959",,
60157,Hypanus longus,"Dasyatis longus (Garman, 1880)",Dasyatis,longus,"(Garman, 1880)",,
60157,Hypanus longus,"Dasyatis longa (Garman, 1880)",Dasyatis,longa,"(Garman, 1880)",,
60157,Hypanus longus,"Trygon longa Garman, 1880",Trygon,longa,"Garman, 1880",,
60168,Pseudobatos leucorhynchus,"Rhinobatos leucorhinchus [orth. error] Günther, 1867",Rhinobatos,leucorhinchus [orth. error],"Günther, 1867",,
60168,Pseudobatos leucorhynchus,"Rhinobatos leucorhynchus Günther, 1867",Rhinobatos,leucorhynchus,"Günther, 1867",,
61403,Diplobatis ommata,"Discopyge ommata Jordan & Gilbert, 1890",Discopyge,ommata,"Jordan & Gilbert, 1890",,
63158,Pseudobatos prahli,"Rhinobatos prahli Acero P. &amp; Franke, 1995",Rhinobatos,prahli,"Acero P. &amp; Franke, 1995",,
161335,Urotrygon rogersi,"Urolophus rogersi Jordan & Starks, 1895",Urolophus,rogersi,"Jordan & Starks, 1895",,
161336,Scyliorhinus boa,"Scyliorhinus fernandezi Weibezahn, 1953",Scyliorhinus,fernandezi,"Weibezahn, 1953",,
161344,Rostroraja velezi,"Raja velezi Chirichigno F., 1973",Raja,velezi,"Chirichigno F., 1973",,
161355,Nasolamia velox,"Carcharhinus velox Gilbert, 1898",Carcharhinus,velox,"Gilbert, 1898",,
161396,Aetomylaeus asperrimus,"Pteromylaeus asperrimus (Gilbert, 1898)",Pteromylaeus,asperrimus,"(Gilbert, 1898)",,
161396,Aetomylaeus asperrimus,"Myliobatis asperrimus Gilbert, 1898",Myliobatis,asperrimus,"Gilbert, 1898",,
161423,Narcine vermiculata,"Narcine schmidti  Hildebrand, 1948",Narcine,schmidti ,"Hildebrand, 1948",,
161423,Narcine vermiculata,"Narcine vermiculatus Breder, 1928",Narcine,vermiculatus,"Breder, 1928",,
161451,Mustelus albipinnis,"Mustelus hacat Pérez-Jiménez, Sosa-Nishizaki & Castillo-Geniz, 2005",Mustelus,hacat,"Pérez-Jiménez, Sosa-Nishizaki & Castillo-Geniz, 2005",,
161457,Pseudobatos glaucostigmus,"Rhinobatos glaucostigma Jordan &amp; Gilbert, 1883",Rhinobatos,glaucostigma,"Jordan &amp; Gilbert, 1883",,
161479,Galeus arae,"Galeus arae ssp. arae (Nichols, 1927)",Galeus,arae,,subspecies,"(Nichols, 1927)"
161479,Galeus arae,"Pristiurus arae Nichols, 1927",Pristiurus,arae,"Nichols, 1927",,
161481,Schroederobatis americana,"Anacanthobatis americanus Bigelow &amp; Schroeder, 1962",Anacanthobatis,americanus,"Bigelow &amp; Schroeder, 1962",,
161565,Dipturus garricki,"Raja garricki Bigelow & Schroeder, 1958",Raja,garricki,"Bigelow & Schroeder, 1958",,
161642,Fenestraja plutonia,"Raja plutonia Garman, 1881",Raja,plutonia,"Garman, 1881",,
161662,Rhizoprionodon longurio,"Carcharias longurio Jordan & Gilbert, 1882",Carcharias,longurio,"Jordan & Gilbert, 1882",,
161689,Urotrygon aspidura,"Urolophus aspidurus Jordan & Gilbert, 1882",Urolophus,aspidurus,"Jordan & Gilbert, 1882",,
161694,Rostroraja equatorialis,"Raja equatorialis Jordan &amp; Bollman, 1890",Raja,equatorialis,"Jordan &amp; Bollman, 1890",,
14134431,Gymnura crebripunctata,Gymnura afuerae (Hildebrand 1946),Gymnura,afuerae,(Hildebrand 1946),,
14134431,Gymnura crebripunctata,Pteroplatea crebripunctata Peters 1869,Pteroplatea,crebripunctata,Peters 1869,,
56641,Craugastor gulosus,"Hylodes gulosus (Cope, 1875)",Hylodes,gulosus,"(Cope, 1875)",,
56641,Craugastor gulosus,"Eleutherodactylus gulosus (Cope, 1875)",Eleutherodactylus,gulosus,"(Cope, 1875)",,
56641,Craugastor gulosus,"Lithodytes gulosus Cope, 1875",Lithodytes,gulosus,"Cope, 1875",,
55309,Duellmanohyla lythrodes,"Hyla  lythrodes  Savage, 1968",Hyla ,lythrodes ,"Savage, 1968",,
55912,Ptychohyla legleri,"Hyla  legleri  Taylor, 1958",Hyla ,legleri ,"Taylor, 1958",,
166975,Oreochromis niloticus,"Perca nilotica Linnaeus, 1758",Perca,nilotica,"Linnaeus, 1758",,
166975,Oreochromis niloticus,"Tilapia nilotica (Linnaeus, 1758)",Tilapia,nilotica,"(Linnaeus, 1758)",,
22723926,Cyanocompsa parellina,Passerina parellina parellina Stotz et al. (1996),Passerina parellina,parellina,Stotz et al. (1996),,
22724065,Amblycercus holosericeus,Cacicus holosericeus holosericeus Stotz et al. (1996),Cacicus holosericeus,holosericeus,Stotz et al. (1996),,
22721224,Peucaea ruficauda,Aimophila ruficauda,Aimophila ruficauda,,"Sibley and Monroe (1990, 1993)",,
22721224,Peucaea ruficauda,Aimophila ruficauda,Aimophila ruficauda,,Stotz et al. (1996),,
22721224,Peucaea ruficauda,Aimophila ruficauda,Aimophila ruficauda,,"BirdLife International (2004, 2008)",,
22721566,Arremon crassirostris,Lysurus crassirostris,Lysurus crassirostris,,BirdLife International (2004),,
22722041,Myiothlypis fulvicauda,"Basileuterus fulvicauda fulvicauda Sibley and Monroe (1990, 1993)",Basileuterus fulvicauda,fulvicauda,"Sibley and Monroe (1990, 1993)",,
22722041,Myiothlypis fulvicauda,"Phaeothlypis fulvicauda (Spix, 1825)",Phaeothlypis,fulvicauda,"(Spix, 1825)",,
22721651,Oreothlypis gutturalis,Vermivora gutturalis gutturalis Stotz et al. (1996),Vermivora gutturalis,gutturalis,Stotz et al. (1996),,
22721651,Oreothlypis gutturalis,"Parula gutturalis (Cabanis, 1861)",Parula,gutturalis,"(Cabanis, 1861)",,
22712122,Pygochelidon cyanoleuca,Notiochelidon cyanoleuca cyanoleuca Stotz et al. (1996),Notiochelidon cyanoleuca,cyanoleuca,Stotz et al. (1996),,
22712122,Pygochelidon cyanoleuca,"Notiochelidon cyanoleuca cyanoleuca Sibley and Monroe (1990, 1993)",Notiochelidon cyanoleuca,cyanoleuca,"Sibley and Monroe (1990, 1993)",,
22712092,Progne tapera,"Phaeoprogne tapera tapera Sibley and Monroe (1990, 1993)",Phaeoprogne tapera,tapera,"Sibley and Monroe (1990, 1993)",,
22705742,Cyanocorax morio,Psilorhinus morio morio Stotz et al. (1996),Psilorhinus morio,morio,Stotz et al. (1996),,
22705742,Cyanocorax morio,Cyanocorax morio,Cyanocorax morio,,"BirdLife International (2004, 2008)",,
22705742,Cyanocorax morio,Cyanocorax morio,Cyanocorax morio,,"Sibley and Monroe (1990, 1993)",,
22705742,Cyanocorax morio,Cyanocorax morio,Cyanocorax morio,,Stotz et al. (1996),,
22705742,Cyanocorax morio,"Psilorhinus morio morio Sibley and Monroe (1990, 1993)",Psilorhinus morio,morio,"Sibley and Monroe (1990, 1993)",,
22705742,Cyanocorax morio,"Psilorhinus morio (Wagler, 1829)",Psilorhinus,morio,"(Wagler, 1829)",,
22705760,Cyanocorax formosus,"Calocitta formosa (Swainson, 1827)",Calocitta,formosa,"(Swainson, 1827)",,
22736330,Clibanornis rubiginosus,"Automolus rubiginosus (Sclater, 1857)",Automolus,rubiginosus,"(Sclater, 1857)",,
22724004,Psarocolius montezuma,"Gymnostinops montezuma montezuma Sibley and Monroe (1990, 1993)",Gymnostinops montezuma,montezuma,"Sibley and Monroe (1990, 1993)",,
22724358,Molothrus oryzivorus,Scaphidura oryzivora,Scaphidura oryzivora,,Stotz et al. (1996),,
22724358,Molothrus oryzivorus,Scaphidura oryzivora,Scaphidura oryzivora,,"Sibley and Monroe (1990, 1993)",,
22724358,Molothrus oryzivorus,Scaphidura oryzivora,Scaphidura oryzivora,,AOU checklist (1998 + supplements),,
22724358,Molothrus oryzivorus,Scaphidura oryzivora,Scaphidura oryzivora,,BirdLife International (2004),,
22729346,Leistes militaris,"Leistes militaris militaris Sibley and Monroe (1990, 1993)",Leistes militaris,militaris,"Sibley and Monroe (1990, 1993)",,
22729346,Leistes militaris,"Sturnella militaris (Linnaeus, 1771)",Sturnella,militaris,"(Linnaeus, 1771)",,
22721264,Peucaea botterii,Aimophila botterii,Aimophila botterii,,"BirdLife International (2004, 2008)",,
22721264,Peucaea botterii,Aimophila botterii,Aimophila botterii,,Stotz et al. (1996),,
22721264,Peucaea botterii,Aimophila botterii,Aimophila botterii,,"Sibley and Monroe (1990, 1993)",,
22690235,Patagioenas speciosa,Columba speciosa,Columba speciosa,,BirdLife International (2004),,
22690235,Patagioenas speciosa,Columba speciosa,Columba speciosa,,"Sibley and Monroe (1990, 1993)",,
22690235,Patagioenas speciosa,Columba speciosa,Columba speciosa,,Stotz et al. (1996),,
22690334,Patagioenas nigrirostris,Columba nigrirostris,Columba nigrirostris,,"Sibley and Monroe (1990, 1993)",,
22690334,Patagioenas nigrirostris,Columba nigrirostris,Columba nigrirostris,,Stotz et al. (1996),,
22690334,Patagioenas nigrirostris,Columba nigrirostris,Columba nigrirostris,,BirdLife International (2004),,
22690296,Patagioenas flavirostris,Columba flavirostris,Columba flavirostris,,"Sibley and Monroe (1990, 1993)",,
22690296,Patagioenas flavirostris,Columba flavirostris,Columba flavirostris,,Stotz et al. (1996),,
22690296,Patagioenas flavirostris,Columba flavirostris,Columba flavirostris,,BirdLife International (2004),,
22690928,Leptotrygon veraguensis,"Geotrygon veraguensis Lawrence, 1867",Geotrygon,veraguensis,"Lawrence, 1867",,
22681166,Leuconotopicus villosus,"Picoides villosus (Linnaeus, 1766)",Picoides,villosus,"(Linnaeus, 1766)",,
22681193,Leuconotopicus fumigatus,"Picoides fumigatus (D'Orbigny, 1840)",Picoides,fumigatus,"(D'Orbigny, 1840)",,
22681193,Leuconotopicus fumigatus,Venilornis fumigatus BirdLife International (2004),Venilornis,fumigatus,BirdLife International (2004),,
144163683,Styracura pacifica,"Dasyatis pacificus Beebe & Tee-Van, 1941",Dasyatis,pacificus,"Beebe & Tee-Van, 1941",,
144163683,Styracura pacifica,"Himantura pacifica (Beebe & Tee-Van, 1941)",Himantura,pacifica,"(Beebe & Tee-Van, 1941)",,
22690891,Leptotila cassinii,Leptotila cassini,Leptotila,cassini,,,
22689778,Antrostomus carolinensis,"Caprimulgus carolinensis Gmelin, 1789",Caprimulgus,carolinensis,"Gmelin, 1789",,
22696916,Egretta rufescens,Hydranassa rufescens rufescens Stotz et al. (1996),Hydranassa rufescens,rufescens,Stotz et al. (1996),,
22708670,Hylocichla mustelina,"Catharus mustelinus ssp. mustelinus — Sibley and Monroe (1990, 1993)",Catharus,mustelinus,,subspecies,"— Sibley and Monroe (1990, 1993)"
55492,Isthmohyla graceae,"Hyla  graceae  Myers & Duellman, 1982",Hyla ,graceae ,"Myers & Duellman, 1982",,
22694479,Xema sabini,Larus sabini AERC TAC (2003),Larus,sabini,AERC TAC (2003),,
22694479,Xema sabini,Larus sabini ssp. sabini Christidis and Boles (1994),Larus,sabini,,subspecies,Christidis and Boles (1994)
22694479,Xema sabini,Larus sabini ssp. sabini Cramp and Simmons (1977-1994),Larus,sabini,,subspecies,Cramp and Simmons (1977-1994)
22694479,Xema sabini,Larus sabini ssp. sabini Dowsett and Forbes-Watson (1993),Larus,sabini,,subspecies,Dowsett and Forbes-Watson (1993)
55265,Phyllobates vittatus,"Dendrobates tinctorius  ssp. vittatus  Cope, 1893",Dendrobates,tinctorius ,,subspecies,"Cope, 1893"
55288,Agalychnis annae,"Phyllomedusa  annae  Duellman, 1963",Phyllomedusa ,annae ,"Duellman, 1963",,
22690908,Zentrygon costaricensis,"Geotrygon costaricensis Lawrence, 1868",Geotrygon,costaricensis,"Lawrence, 1868",,
22728963,Zentrygon lawrencii,"Geotrygon lawrencii Salvin, 1874",Geotrygon,lawrencii,"Salvin, 1874",,
22690936,Zentrygon chiriquensis,"Geotrygon chiriquensis Sclater, 1856",Geotrygon,chiriquensis,"Sclater, 1856",,
22689781,Antrostomus rufus,"Caprimulgus rufus Boddaert, 1783",Caprimulgus,rufus,"Boddaert, 1783",,
22689813,Antrostomus saturatus,"Caprimulgus saturatus (Salvin, 1870)",Caprimulgus,saturatus,"(Salvin, 1870)",,
22689823,Hydropsalis cayennensis,"Caprimulgus cayennensis Gmelin, 1789",Caprimulgus,cayennensis,"Gmelin, 1789",,
22720398,Spinus xanthogastrus,"Carduelis xanthogastra (Du Bus de Gisignies, 1855)",Carduelis,xanthogastra,"(Du Bus de Gisignies, 1855)",,
22696229,Ibycter americanus,Daptrius americanus americanus Stotz et al. (1996),Daptrius americanus,americanus,Stotz et al. (1996),,
22696229,Ibycter americanus,"Daptrius americanus americanus Sibley and Monroe (1990, 1993)",Daptrius americanus,americanus,"Sibley and Monroe (1990, 1993)",,
22682224,Jacamerops aureus,Jacamerops aurea aurea AOU checklist (1998 + supplements),Jacamerops aurea,aurea,AOU checklist (1998 + supplements),,
22682224,Jacamerops aureus,Jacamerops aurea aurea Stotz et al. (1996),Jacamerops aurea,aurea,Stotz et al. (1996),,
22690814,Paraclaravis mondetoura,"Claravis mondetoura (Bonaparte, 1856)",Claravis,mondetoura,"(Bonaparte, 1856)",,
22690814,Paraclaravis mondetoura,"Paraclaravis mondetoura (Bonaparte, 1856)",Paraclaravis,mondetoura,"(Bonaparte, 1856)",,
55033,Hyalinobatrachium talamancae,"Centrolenella talamancae (Taylor, 1952)",Centrolenella,talamancae,"(Taylor, 1952)",,
55033,Hyalinobatrachium talamancae,"Cochranella talamancae Taylor, 1952",Cochranella,talamancae,"Taylor, 1952",,
22721519,Arremon brunneinucha,"Atlapetes brunneinucha brunneinucha Sibley and Monroe (1990, 1993)",Atlapetes brunneinucha,brunneinucha,"Sibley and Monroe (1990, 1993)",,
22721519,Arremon brunneinucha,Atlapetes brunneinucha brunneinucha Stotz et al. (1996),Atlapetes brunneinucha,brunneinucha,Stotz et al. (1996),,
22721519,Arremon brunneinucha,Buarremon brunneinucha,Buarremon brunneinucha,,BirdLife International (2004),,
22686424,Streptoprocne rutila,Cypseloides rutilus,Cypseloides rutilus,,BirdLife International (2004),,
22686424,Streptoprocne rutila,"Cypseloides rutilus rutila Sibley and Monroe (1990, 1993)",Cypseloides rutilus,rutila,"Sibley and Monroe (1990, 1993)",,
22686424,Streptoprocne rutila,Cypseloides rutilus,Cypseloides rutilus,,Stotz et al. (1996),,
22702858,Philydor rufum,Philydor rufus,Philydor rufus,,"Sibley and Monroe (1990, 1993)",,
22702858,Philydor rufum,Philydor rufus,Philydor rufus,,Stotz et al. (1996),,
22702858,Philydor rufum,Philydor rufus,Philydor rufus,,BirdLife International (2004),,
22696120,Spizaetus melanoleucus,Spizastur melanoleucus,Spizastur melanoleucus,,Stotz et al. (1996),,
22696120,Spizaetus melanoleucus,Spizastur melanoleucus,Spizastur melanoleucus,,"Sibley and Monroe (1990, 1993)",,
22696120,Spizaetus melanoleucus,Spizastur melanoleucus,Spizastur melanoleucus,,Collar et al. (1994),,
22696120,Spizaetus melanoleucus,Spizastur melanoleucus,Spizastur melanoleucus,,Collar and Andrew (1988),,
22695832,Buteogallus meridionalis,Heterospizias meridionalis meridionalis Stotz et al. (1996),Heterospizias meridionalis,meridionalis,Stotz et al. (1996),,
22695754,Morphnarchus princeps,"Leucopternis princeps Sclater, 1865",Leucopternis,princeps,"Sclater, 1865",,
22695880,Rupornis magnirostris,"Buteo magnirostris (Gmelin, 1788)",Buteo,magnirostris,"(Gmelin, 1788)",,
22695786,Pseudastur albicollis,"Leucopternis albicollis (Latham, 1790)",Leucopternis,albicollis,"(Latham, 1790)",,
22695775,Leucopternis semiplumbeus,Leucopternis semiplumbea,Leucopternis semiplumbea,,Stotz et al. (1996),,
22695775,Leucopternis semiplumbeus,Leucopternis semiplumbea,Leucopternis semiplumbea,,"Sibley and Monroe (1990, 1993)",,
22695775,Leucopternis semiplumbeus,Leucopternis semiplumbea,Leucopternis semiplumbea,,Collar et al. (1994),,
22695775,Leucopternis semiplumbeus,Leucopternis semiplumbea,Leucopternis semiplumbea,,BirdLife International (2004),,
103798640,Setophaga pitiayumi,"Parula pitiayumi (Vieillot, 1817)",Parula,pitiayumi,"(Vieillot, 1817)",,
22683634,Megaceryle torquata,Megaceryle torquata,Megaceryle torquata,,SACC (2005),,
22683634,Megaceryle torquata,Ceryle torquata,Ceryle torquata,,BirdLife International (2004),,
22683634,Megaceryle torquata,Ceryle torquata,Ceryle torquata,,Stotz et al. (1996),,
22683634,Megaceryle torquata,"Megaceryle torquata torquata Sibley and Monroe (1990, 1993)",Megaceryle torquata,torquata,"Sibley and Monroe (1990, 1993)",,
22694740,Onychoprion fuscatus,Onychoprion fuscatus — AOU checklist (1998 + supplements),Onychoprion,fuscatus,— AOU checklist (1998 + supplements),,
22694740,Onychoprion fuscatus,Onychoprion fuscata ssp. fuscata — Christidis and Boles (2008),Onychoprion,fuscata,,subspecies,— Christidis and Boles (2008)
22694740,Onychoprion fuscatus,"Sterna fuscata Linnaeus, 1766",Sterna,fuscata,"Linnaeus, 1766",,
22698557,Hydrobates melania,"Oceanodroma melania (Bonaparte, 1854)",Oceanodroma,melania,"(Bonaparte, 1854)",,
22695906,Geranoaetus albicaudatus,"Buteo albicaudatus Vieillot, 1816",Buteo,albicaudatus,"Vieillot, 1816",,
22685553,Ara ambiguus,"Ara ambigua (Bechstein, 1811) — BirdLife International (2004)",Ara,ambigua,"(Bechstein, 1811) — BirdLife International (2004)",,
22685553,Ara ambiguus,"Ara ambigua (Bechstein, 1811) — Stotz <i>et al</i>. (1996)",Ara,ambigua,"(Bechstein, 1811) — Stotz <i>et al</i>. (1996)",,
22685553,Ara ambiguus,"Ara ambigua (Bechstein, 1811) — BirdLife International (2000)",Ara,ambigua,"(Bechstein, 1811) — BirdLife International (2000)",,
22685553,Ara ambiguus,"Ara ambigua (Bechstein, 1811) — Sibley and Monroe (1990, 1993)",Ara,ambigua,"(Bechstein, 1811) — Sibley and Monroe (1990, 1993)",,
39384,Triaenodon obesus,"Triaenodon  apicalis Whitley, 1939",Triaenodon ,apicalis,"Whitley, 1939",,
39384,Triaenodon obesus,"Carcharias obesus Rüppell, 1837",Carcharias,obesus,"Rüppell, 1837",,
191831,Centropomus ensiferus,"Centropomus affinis Steindachner, 1864",Centropomus,affinis,"Steindachner, 1864",,
191831,Centropomus ensiferus,"Centropomus macrochirus Poey, 1955",Centropomus,macrochirus,"Poey, 1955",,
191831,Centropomus ensiferus," Centropomus scaber Bocourt, 1868", Centropomus,scaber,"Bocourt, 1868",,
110847130,Mobula mobular,"Raia mobular Bonnaterre, 1788",Raia,mobular,"Bonnaterre, 1788",,
110847130,Mobula mobular,"Mobula japanica (Müller & Henle, 1841)",Mobula,japanica,"(Müller & Henle, 1841)",,
22690229,Patagioenas leucocephala,Columba leucocephala,Columba leucocephala,,BirdLife International (2004),,
22690229,Patagioenas leucocephala,Columba leucocephala,Columba leucocephala,,Stotz et al. (1996),,
22690229,Patagioenas leucocephala,Columba leucocephala,Columba leucocephala,,"Sibley and Monroe (1990, 1993)",,
22694552,Thalasseus elegans,Thalasseus elegans Stotz et al. (1996),Thalasseus,elegans,Stotz et al. (1996),,
22694552,Thalasseus elegans,Thalasseus elegans AOU checklist (1998 + supplements),Thalasseus,elegans,AOU checklist (1998 + supplements),,
22694552,Thalasseus elegans,"Sterna elegans Gambel, 1849",Sterna,elegans,"Gambel, 1849",,
22695849,Buteogallus solitarius,"Harpyhaliaetus solitarius (Tschudi, 1844)",Harpyhaliaetus,solitarius,"(Tschudi, 1844)",,
22722558,Bangsia arcaei,Buthraupis arcaei arcaei Collar and Andrew (1988),Buthraupis arcaei,arcaei,Collar and Andrew (1988),,
22722558,Bangsia arcaei,Buthraupis arcaei arcaei Stotz et al. (1996),Buthraupis arcaei,arcaei,Stotz et al. (1996),,
22721692,Setophaga chrysoparia,"Dendroica chrysoparia Sclater & Salvin, 1861",Dendroica,chrysoparia,"Sclater & Salvin, 1861",,
154632189,Chaetura vauxi,"Chaetura vauxi (Townsend, 1839)",Chaetura,vauxi,"(Townsend, 1839) <i>pro parte</i>",,
22685739,Eupsittula canicularis,"Aratinga canicularis (Linnaeus, 1758)",Aratinga,canicularis,"(Linnaeus, 1758)",,
